<application>
  <component name="FileTypeManager" version="17">
    <extensionMap>
      <mapping pattern=".env.dev" type="PLAIN_TEXT" />
      <mapping pattern="Makefile" type="PLAIN_TEXT" />
      <mapping pattern="CODEOWNERS" type="PLAIN_TEXT" />
      <mapping pattern="Jenkinsfile" type="PLAIN_TEXT" />
      <mapping pattern="go.mod" type="PLAIN_TEXT" />
      <mapping pattern=".env.example" type="PLAIN_TEXT" />
      <mapping ext="debug" type="PLAIN_TEXT" />
      <mapping ext="application" type="PLAIN_TEXT" />
      <mapping pattern="special-offer-watcher" type="YAML" />
    </extensionMap>
  </component>
</application>