<application>
  <component name="GoSdkList">
    <sdk-path>
      <set>
        <option value="/usr/local/Cellar/go/1.11.1/libexec" />
        <option value="/usr/local/Cellar/go/1.11.2/libexec" />
        <option value="/usr/local/Cellar/go/1.11.5/libexec" />
        <option value="/usr/local/Cellar/go/1.12.2/libexec" />
        <option value="/usr/local/Cellar/go/1.12.4/libexec" />
        <option value="/usr/local/Cellar/go/1.12.5/libexec" />
        <option value="/usr/local/Cellar/go/1.12.6/libexec" />
        <option value="/usr/local/Cellar/go/1.12.7/libexec" />
        <option value="/usr/local/Cellar/go/1.12/libexec" />
        <option value="/usr/local/opt/go/libexec" />
      </set>
    </sdk-path>
  </component>
</application>