<application>
  <component name="ProjectManager">
    <defaultProject>
      <component name="ComposerSettings">
        <execution>
          <executable />
        </execution>
      </component>
      <component name="PhpProjectSharedConfiguration" php_language_level="7.1" />
      <component name="PhpWorkspaceProjectConfiguration" interpreter_name="PHP 7.2" />
      <component name="ProjectDictionaryState">
        <dictionary name="vavelar" />
      </component>
      <component name="ProjectInspectionProfilesVisibleTreeState">
        <entry key="Project Default">
          <profile-state>
            <expanded-state>
              <State />
              <State>
                <id>Spelling</id>
              </State>
            </expanded-state>
            <selected-state>
              <State>
                <id>SpellCheckingInspection</id>
              </State>
            </selected-state>
          </profile-state>
        </entry>
      </component>
      <component name="PropertiesComponent">
        <property name="nodejs_interpreter_path" value="node" />
        <property name="nodejs_interpreter_path.stuck_in_default_project" value="undefined stuck path" />
        <property name="nodejs_npm_path_reset_for_default_project" value="true" />
        <property name="nodejs_package_manager_path" value="yarn" />
        <property name="settings.editor.selected.configurable" value="preferences.pluginManager" />
      </component>
      <component name="VagrantProjectSettings">
        <option name="instanceFolder" value="" />
        <option name="provider" value="" />
      </component>
      <component name="VcsContentAnnotationSettings">
        <option name="myLimit" value="2678400000" />
      </component>
      <component name="masterDetails">
        <states>
          <state key="Copyright.UI">
            <settings>
              <splitter-proportions>
                <option name="proportions">
                  <list>
                    <option value="0.2" />
                  </list>
                </option>
              </splitter-proportions>
            </settings>
          </state>
          <state key="ScopeChooserConfigurable.UI">
            <settings>
              <splitter-proportions>
                <option name="proportions">
                  <list>
                    <option value="0.2" />
                  </list>
                </option>
              </splitter-proportions>
            </settings>
          </state>
        </states>
      </component>
    </defaultProject>
  </component>
</application>