<application>
  <component name="GitRememberedInputs">
    <option name="visitedUrls">
      <list>
        <UrlAndUserName>
          <option name="url" value="ssh://git@git.trivago.trv/lse_hotelmanager/accommodations-bundle.git" />
          <option name="userName" value="" />
        </UrlAndUserName>
        <UrlAndUserName>
          <option name="url" value="ssh://git@git.trivago.trv/lse_hotelmanager/competitors-bundle.git" />
          <option name="userName" value="" />
        </UrlAndUserName>
        <UrlAndUserName>
          <option name="url" value="ssh://git@git.trivago.trv/lse_hotelmanager/tracking-bundle.git" />
          <option name="userName" value="" />
        </UrlAndUserName>
        <UrlAndUserName>
          <option name="url" value="ssh://git@git.trivago.trv/lse_hotelmanager/app-tracking-bundle.git" />
          <option name="userName" value="" />
        </UrlAndUserName>
        <UrlAndUserName>
          <option name="url" value="ssh://git@git.trivago.trv/lse_hotelmanager/app-rate-insights-client.git" />
          <option name="userName" value="" />
        </UrlAndUserName>
        <UrlAndUserName>
          <option name="url" value="ssh://git@git.trivago.trv/lse_hotelmanager/common-checkout.git" />
          <option name="userName" value="" />
        </UrlAndUserName>
        <UrlAndUserName>
          <option name="url" value="http://git.trivago.trv/scm/lse_hotelmanager/exchange-bundle.git" />
          <option name="userName" value="" />
        </UrlAndUserName>
        <UrlAndUserName>
          <option name="url" value="ssh://git@git.trivago.trv/lse_hotelmanager/app-authentication-bundle.git" />
          <option name="userName" value="" />
        </UrlAndUserName>
        <UrlAndUserName>
          <option name="url" value="ssh://git@git.trivago.trv/lse_hotelmanager/pro-feature-base.git" />
          <option name="userName" value="" />
        </UrlAndUserName>
        <UrlAndUserName>
          <option name="url" value="ssh://git@git.trivago.trv/lse_hotelmanager/hotelmanager.git" />
          <option name="userName" value="" />
        </UrlAndUserName>
        <UrlAndUserName>
          <option name="url" value="ssh://git@git.trivago.trv/lse_hotelmanager/app-accommodations-api.git" />
          <option name="userName" value="" />
        </UrlAndUserName>
        <UrlAndUserName>
          <option name="url" value="ssh://git@git.trivago.trv/lse_hotelmanager/exchange-bundle.git" />
          <option name="userName" value="" />
        </UrlAndUserName>
        <UrlAndUserName>
          <option name="url" value="ssh://git@git.trivago.trv/lse_hotelmanager/app-reputation.git" />
          <option name="userName" value="" />
        </UrlAndUserName>
        <UrlAndUserName>
          <option name="url" value="ssh://git@git.trivago.trv/lse_hotelmanager/google-hotel-ads-budle.git" />
          <option name="userName" value="" />
        </UrlAndUserName>
        <UrlAndUserName>
          <option name="url" value="https://github.com/googleads/google-ads-php.git" />
          <option name="userName" value="" />
        </UrlAndUserName>
      </list>
    </option>
    <option name="cloneParentDir" value="$USER_HOME$/Code" />
  </component>
</application>